{"cameraMode":{"drawMode":0,"name":"Shaded","section":"Shading Mode"},"sceneLighting":false,"audioPlay":false,"sceneViewState":{"m_AlwaysRefresh":false,"showFog":true,"showSkybox":false,"showFlares":true,"showImageEffects":true,"showParticleSystems":true,"showVisualEffectGraphs":true,"m_FxEnabled":true},"in2DMode":false,"pivot":{"x":-0.008320033550262452,"y":-0.04382401704788208,"z":0.03781193867325783},"rotation":{"x":0.28334465622901919,"y":-0.647384762763977,"z":0.28283557295799258,"w":0.6485474705696106},"size":0.2156548947095871,"orthographic":false}