{"cameraMode":{"drawMode":0,"name":"Shaded","section":"Shading Mode"},"sceneLighting":true,"audioPlay":false,"sceneViewState":{"m_AlwaysRefresh":false,"showFog":true,"showSkybox":true,"showFlares":true,"showImageEffects":true,"showParticleSystems":true,"showVisualEffectGraphs":true,"m_FxEnabled":true},"in2DMode":false,"pivot":{"x":7.906708717346191,"y":-0.08023643493652344,"z":-15.842887878417969},"rotation":{"x":0.11388198286294937,"y":0.1144832894206047,"z":-0.01321218442171812,"w":0.9867882132530212},"size":13.082801818847657,"orthographic":false}